{"cameraMode":{"drawMode":0,"name":"Shaded","section":"Shading Mode"},"sceneLighting":true,"audioPlay":false,"sceneViewState":{"showFog":true,"showMaterialUpdate":false,"showSkybox":true,"showFlares":true,"showImageEffects":true,"showParticleSystems":true,"showVisualEffectGraphs":true,"m_FxEnabled":true},"in2DMode":false,"pivot":{"x":2.680041551589966,"y":0.6587910652160645,"z":-3.6666526794433595},"rotation":{"x":0.00008515773515682667,"y":0.9996621608734131,"z":-0.025806644931435586,"w":0.0032996381632983686},"size":4.3898797035217289,"orthographic":false}