{"cameraMode":{"drawMode":0,"name":"Shaded","section":"Shading Mode"},"sceneLighting":true,"audioPlay":false,"sceneViewState":{"showFog":true,"showMaterialUpdate":false,"showSkybox":true,"showFlares":true,"showImageEffects":true,"showParticleSystems":true,"showVisualEffectGraphs":true,"m_FxEnabled":true},"in2DMode":false,"pivot":{"x":2.3721704483032228,"y":1.7430262565612794,"z":1.5724927186965943},"rotation":{"x":0.01729806698858738,"y":0.9452608227729797,"z":0.05080028623342514,"w":-0.3218744397163391},"size":5.640583515167236,"orthographic":false}