{"cameraMode":{"drawMode":0,"name":"Shaded","section":"Shading Mode"},"sceneLighting":true,"audioPlay":false,"sceneViewState":{"showFog":true,"showMaterialUpdate":false,"showSkybox":true,"showFlares":true,"showImageEffects":true,"showParticleSystems":true,"showVisualEffectGraphs":true,"m_FxEnabled":true},"in2DMode":false,"pivot":{"x":0.32748401165008547,"y":1.1391154527664185,"z":6.95913028717041},"rotation":{"x":-0.03831302374601364,"y":0.13745510578155518,"z":0.005320791155099869,"w":0.9897533655166626},"size":6.231707572937012,"orthographic":false}