{"cameraMode":{"drawMode":0,"name":"Shaded","section":"Shading Mode"},"sceneLighting":true,"audioPlay":false,"sceneViewState":{"showFog":true,"showMaterialUpdate":false,"showSkybox":true,"showFlares":true,"showImageEffects":true,"showParticleSystems":true,"showVisualEffectGraphs":true,"m_FxEnabled":true},"in2DMode":false,"pivot":{"x":-1.1116197109222413,"y":6.053922653198242,"z":-1.8635177612304688},"rotation":{"x":0.011978763155639172,"y":-0.05906343087553978,"z":0.0007086804835125804,"w":0.9981843829154968},"size":10.268909454345704,"orthographic":false}