{"cameraMode":{"drawMode":0,"name":"Shaded","section":"Shading Mode"},"sceneLighting":true,"audioPlay":false,"sceneViewState":{"showFog":true,"showMaterialUpdate":false,"showSkybox":true,"showFlares":true,"showImageEffects":true,"showParticleSystems":true,"showVisualEffectGraphs":true,"m_FxEnabled":true},"in2DMode":false,"pivot":{"x":-15.399541854858399,"y":2.769444227218628,"z":3.9224085807800295},"rotation":{"x":0.11790306121110916,"y":-0.448473185300827,"z":0.059825003147125247,"w":0.8839709162712097},"size":20.456132888793947,"orthographic":false}