{"cameraMode":{"drawMode":0,"name":"Shaded","section":"Shading Mode"},"sceneLighting":true,"audioPlay":false,"sceneViewState":{"m_AlwaysRefresh":false,"showFog":true,"showSkybox":true,"showFlares":true,"showImageEffects":true,"showParticleSystems":true,"showVisualEffectGraphs":true,"m_FxEnabled":true},"in2DMode":false,"pivot":{"x":-9.041958808898926,"y":-0.15451180934906007,"z":4.770279884338379},"rotation":{"x":-0.0546208955347538,"y":0.31556349992752077,"z":-0.018186718225479127,"w":-0.9471769332885742},"size":9.128396034240723,"orthographic":false}