{"cameraMode":{"drawMode":0,"name":"Shaded","section":"Shading Mode"},"sceneLighting":true,"audioPlay":false,"sceneViewState":{"showFog":true,"showMaterialUpdate":false,"showSkybox":true,"showFlares":true,"showImageEffects":true,"showParticleSystems":true,"showVisualEffectGraphs":true,"m_FxEnabled":true},"in2DMode":false,"pivot":{"x":0.29181408882141116,"y":-0.08388030529022217,"z":6.624378204345703},"rotation":{"x":0.09416120499372482,"y":0.10284693539142609,"z":-0.009780315682291985,"w":0.9901829957962036},"size":5.631707191467285,"orthographic":false}