{"cameraMode":{"drawMode":0,"name":"Shaded","section":"Shading Mode"},"sceneLighting":true,"audioPlay":false,"sceneViewState":{"showFog":true,"showMaterialUpdate":false,"showSkybox":true,"showFlares":true,"showImageEffects":true,"showParticleSystems":true,"showVisualEffectGraphs":true,"m_FxEnabled":true},"in2DMode":false,"pivot":{"x":3.494762659072876,"y":1.0427435636520386,"z":6.172700881958008},"rotation":{"x":0.09416120499372482,"y":0.10284693539142609,"z":-0.009780315682291985,"w":0.9901829957962036},"size":11.067463874816895,"orthographic":false}